,ID,R,R_SD,G,G_SD,B,B_SD
1,cave-sid09,195.57,31.91,142.44,25.4,98.34,17.92
2,cave-ssid01,192.17,36.54,149.9,31.69,113.84,24.57
3,cave-ssid03,204.16,31.22,147.77,26.11,100.6,22.05
4,cave-ssid04,188.11,30.21,146.1,26.22,120.12,19.74
5,cave-ssid05,159.52,39.44,120.1,30.66,91.46,21.6
6,cave-ssid06,199.05,27.47,151.75,21.39,114.11,15.88
7,cave-ssid07,180.02,32.89,135.04,27.36,100.65,19.69
8,cave-ssid08-2,182.43,25.76,131.89,23.06,96.13,20.32
9,cave-ssid11,182.62,40.37,138.62,32.97,100.64,23.81
10,cave-ssid12,187.84,31.71,138,26.4,103.84,22.97
11,cave-ssid13,212.58,27.12,158.7,23.74,112.59,20.47
12,cave-ssid15,194.89,31.39,138.36,25.46,93.92,17.69
13,cave-ssid16,204.28,33.79,157.27,30.01,114.26,21.93
14,cave-ssid17,187.68,25.83,140.11,20.9,102.01,16.32
15,cave-ssid18,188,29.32,141.26,21.94,104.34,16.51
16,cave-ssid19,209.5,30.07,159.83,25.78,105.16,18.48
17,cave-ssid20,169.59,27.02,124.93,20.8,90.94,15.49
18,cave-ssid21,179.64,35.55,136.52,29.39,107.25,22.54
19,cave-ssid22,174.31,23.28,121.68,18.25,85.13,13.75
20,cave-ssid23,198.07,38.9,151.65,35.14,109.55,27.88
21,cave-ssid24,208.87,30.89,151.05,27.09,106.42,22.04
22,cave-ssid25,179.26,27.18,131.96,21.05,99.71,14.99
23,cave-ssid26,203.11,22.75,142.03,18.84,99.09,14.23
24,cave-ssid27-3,218.55,36.07,169.48,34.2,130.6,30.54
25,cave-ssid28,176.65,28.42,129.3,20.7,102.02,14.5
26,cave-ssid29,173.45,30.02,126.95,22.95,92.05,16.98
27,cave-ssid30-2,196.66,35.2,147.8,31.2,108.84,24.67
28,DB-sid01,212.65,27.02,165.69,24.21,125.67,21.46
29,DB-sid02,204.65,37.07,165.27,35.4,128.59,30.26
30,DB-sid03,197.49,23.92,145.46,19.62,92.89,15.09
31,DB-sid04-2,201.41,25.26,155.57,23.28,121.1,21.27
32,DB-sid05,191.9,36.11,146.28,32.37,106.79,25.14
33,DB-sid06,208.23,32.64,164.64,30.95,129.37,26.61
34,DB-sid07,207.58,30.34,160.95,29.4,120.42,27.78
35,DB-sid08,175.9,31.94,126.49,23.22,97.22,16.56
36,DB-sid09,194.32,23.43,148.29,20.69,114.38,17.23
37,DB-sid11,198.95,31.94,153.59,27.42,112.79,22.62
38,DB-sid12,190.9,30.37,140.08,24.23,102.26,18.82
39,DB-sid14,210.69,27.54,164.32,24.08,117.23,18.85
40,DB-sid15,182.98,34.63,140.03,29.67,101.52,23.8
41,DB-sid16,175.58,31.5,131.78,23.66,100.84,16.74
42,DB-sid17,196.2,31.55,159.71,28,112.31,21.02
43,DB-sid18,200.07,30.36,149.42,28.25,103.04,24.53
44,DB-sid19,205.79,37.39,158.85,34.54,112.7,26.43
45,DB-sid20,191.63,29.25,141.46,25.17,101.4,21.28
46,DB-sid21,197.8,28.61,149.65,24.15,104.08,19.13
47,DB-sid22,202.04,28.9,160.56,27.28,110.91,22.81
48,DB-sid23,185.8,28.21,143.26,23.23,107.64,17.92
49,DB-sid24,204.62,29.85,153.96,26.52,107.11,21.4
50,DB-sid25,183.9,37.27,144.29,31.32,106.52,22.87
51,DB-sid26,196.3,35.64,152.14,31.89,111.14,24.9
52,DB-sid27-2,204.85,38.06,159.01,35.02,114.57,28.53
53,DB-sid28,203.93,25.24,157.96,22.35,113.26,19.97
54,DB-sid29,198.39,25.94,141.97,22.37,93.79,17.12
55,DB-sid30,196.41,33.87,145.9,29.72,103.65,20.94
56,db-sid31-2,205.97,26.49,168.51,23.83,122.82,19.29
57,DB-sid33,194.28,33.66,150.55,28.88,115.86,22.69
58,DB-sid35,179.01,31.91,134.81,25.86,97.42,19.73
59,DB-sid36,186.05,34.77,142.92,30.97,108.2,23.72
60,DB-sid37,206.58,30.68,160.54,27.29,114.59,21.55
61,DB-sid38,193.79,30.86,150.3,26.68,113.94,21.93
62,emerald-sid01,209.1,31.21,158.07,29.08,108.5,19.61
63,emerald-sid02,227.2,26.8,180.86,27.93,140.99,28.72
64,emerald-sid03,224.42,26.86,175.24,26.45,129.51,22.94
65,emerald-sid04,188.52,32.36,137.21,26.65,97.61,19.62
66,emerald-sid05,228.04,24.82,188.74,22.81,152.77,20.12
67,emerald-sid06,224.22,31.85,178.17,31.07,127.32,29.61
68,emerald-sid07-2,199.47,30.57,151.21,25.84,109.91,18.95
69,emerald-sid08,214.98,31.74,162.02,27,112.2,21.37
70,emerald-sid09,217.34,26.53,165.47,24.51,114.24,20.81
71,emerald-sid10,234.37,22.95,184.02,24.09,139.69,23.79
72,emerald-sid11,228.67,26.45,174.43,23.51,115.49,18.67
73,emerald-sid12-2,203.47,33.02,156.66,31.27,113.6,26.5
74,emerald-sid13,202.33,34.37,156.65,32.65,121.45,27.02
75,emerald-sid14,201.16,28.64,156.67,25.14,111.41,18.59
76,emerald-sid15,230.38,27.16,185.62,26.44,133.92,24.02
77,emerald-sid16,217.18,23.25,166.45,22.82,126.69,22.53
78,emerald-sid17,219.8,35.08,173.07,33.92,125.25,29.76
79,emerald-sid18,217.44,31.66,168.61,31.35,130.55,27.92
80,emerald-sid19,217.1,30.87,172.73,31.17,130.12,28.86
81,emerald-sid20,226.35,26.56,177.67,25.98,137.83,23.23
82,emerald-sid21,199.7,27.06,143.1,24.76,94.33,22.53
83,emerald-sid22,218.24,33.52,169.62,31.46,116.58,29.25
84,Emerald-sid24,210.24,32.63,163.54,30.81,113.13,24.87
85,emerald-sid25,225.18,25.79,176.46,26.47,136.77,27.08
86,emerald-sid26,205.7,36.52,158.27,32.38,111.78,26.33
87,emerald-sid27,200.54,24.74,144.2,20.84,97.19,18.1
88,emerald-sid28,217.56,25.39,157.89,20.53,112.05,15.73
89,emerald-sid29,218.96,28.93,171.08,26.02,123.72,23.1
90,emerald-sid30,214.87,28.54,166.76,28.57,115.44,26.93
91,emerald-sid32,198.64,29.34,151.49,26.43,114.67,19.88
92,Emerald-sid33,212.05,36.28,161.48,33.33,113.14,25.59
93,emerald-sid34,213.92,31.37,166.92,29.41,129.74,26.71
94,emerald-sid36,223.95,29.31,180.18,30.16,144.19,29.55
95,emerald-sid37-2,214.74,34.75,167.43,32.32,118.87,25.31
96,ftlb1-ssid01-2,186.8,37.26,142.19,31.01,108.51,23.52
97,ftlb1-ssid02,173.27,33.94,128.06,26.44,97.23,19.51
98,ftlb1-ssid03,171.49,40.92,132.7,33.77,101.76,27.89
99,ftlb1-ssid04,183.77,29.76,135.59,22.35,100.98,15.79
100,ftlb1-ssid05,177.14,31.84,133.55,26.35,101.08,18.92
101,ftlb1-ssid06,183.99,25.49,140.27,21.61,107.17,18.17
102,ftlb1-ssid07,176.89,29.02,129.31,20.78,94.77,13.33
103,ftlb1-ssid08,183.96,28.47,136.14,22.55,100.99,18.95
104,ftlb1-ssid09,171.19,26.67,126.91,20.37,96.14,15.6
105,ftlb1-ssid10-2,160.06,25.77,117.84,18.96,83.21,13.7
106,ftlb1-ssid11,150.87,29.84,111.42,22.53,82.57,15.72
107,ftlb1-ssid12,175.48,33.71,128,28.02,96.1,22.68
108,ftlb1-ssid14,190.28,24.41,143.84,18.89,108.84,14.3
109,ftlb1-ssid15,172.21,31.06,124.96,23.77,91.05,15.93
110,ftlb1-ssid16,166.44,27.99,116.56,19.46,80.73,15.74
111,FTLB2-SID10-Trial1P6120508,172.64,30.97,128.32,25.67,96.68,20
112,ftlb2-ssid01,183.97,31.09,140.91,24.3,112.59,19.34
113,ftlb2-ssid02,207.03,26.77,156.62,23.12,115.47,18.8
114,ftlb2-ssid03,172.17,32.02,131.33,25.65,100.43,19.68
115,ftlb2-ssid04,182.06,35.14,133.85,29.28,104.28,22.52
116,ftlb2-ssid05,190.39,30.63,144.28,25.13,116.88,21.79
117,ftlb2-ssid06,179.38,29.46,134.63,24.56,98.66,18.22
118,ftlb2-ssid07,173.08,32.27,124.44,26.73,93,19.65
119,ftlb2-ssid08,159.58,29.62,117.45,25.08,89.7,22.43
120,ftlb2-ssid09-2,150.95,27.45,110.79,22.23,82.04,16.62
121,ftlb2-ssid11,153.05,24.79,113.06,19.48,87.38,16.6
122,ftlb2-ssid12,162.24,30.91,113.05,23.77,82.59,18.49
123,ftlb2-ssid13,169.71,34.67,121.45,27.45,88.91,20.66
124,ftlb2-ssid14,174.16,27.99,126.74,20.43,86.74,13.08
125,ftlb2-ssid15,192.54,39.52,136.64,31.4,90.43,19.58
126,ftlb2-ssid16,203.88,32.43,156.31,28.8,119.79,23.87
127,ftlb2-ssid17,170.99,38.56,132.64,30.77,103.98,22.86
128,ftlb2-ssid18,175.01,34.27,129.79,27.94,101.42,20.66
129,gra-sid01,191.5,28.28,145.51,21.84,111.76,15.67
130,GRA-sid03-2,202.9,27.63,142.87,21.99,94.88,14.25
131,GRA-sid05,204.75,29.1,152.98,25.31,104.14,18.68
132,GRA-sid06-2,198.83,28.7,150.35,24.39,106.6,18.68
133,GRA-sid07,201.67,24.19,150.09,21.18,103.76,21.03
134,GRA-sid08,193.93,41.3,150.78,36.67,115.04,31.2
135,GRA-sid09,209.81,36.76,165.5,35.96,121.68,30.05
136,GRA-sid11,196.34,31.63,144.25,26.44,95.04,18.72
137,GRA-sid14-tank5,201.01,32.3,145.93,27.56,96.57,20.21
138,gra-sid14,208.96,23.33,154.17,19.97,114.59,15.55
139,GRA-sid15,218.26,31.54,172.58,29.27,126.14,25.11
140,GRA-sid16,193.61,33.88,146.86,29.29,104.7,21.48
141,GRA-sid18,196.8,33.35,152.54,29.4,113.5,24
142,GRA-sid19,183.97,38.93,135.82,33.48,96.47,25.56
143,GRA-sid20,218.09,25.5,163.95,22.25,115.38,18.29
144,GRA-sid21,200.01,35.88,164.64,34.17,122.5,28.29
145,gra-sid22,212.4,28.3,157.91,23.19,118.5,16.52
146,GRA-sid23,179.11,34.08,130.35,29.28,90.13,22.45
147,GRA-sid24,187.29,36.1,139.8,29.78,105.2,21.88
148,GRA-sid25,197.48,27.52,152.76,24.71,111.02,23.47
149,GRA-sid26,199.95,25.64,148.89,23.15,104.43,21.47
150,gra-sid27,200.99,25.97,150.76,23.39,107.21,20.95
151,GRA-sid28,205.58,33.74,161.18,31.25,119.4,26.21
152,GRA-sid30,196.81,30.16,152.05,26,108.09,20.68
153,GRA-sid31,180.27,28.86,136.05,23.6,101.7,19.79
154,gra-sid32,193.58,26.85,144.1,22.34,102.2,17.58
155,GRA-sid33,195.33,36.37,145.32,31.53,98.97,24.2
156,gra-sid35,206.76,27.07,154.56,23.43,107.62,16.1
157,HB-sid01,204.68,29.35,156.49,25.36,112.47,18.16
158,HB-sid02,202.11,30.66,155.1,29.04,117.61,23.62
159,HB-sid04,201.66,30.62,157.15,27.79,115.89,21.43
160,HB-sid05-2,197.47,31.34,146.75,29.42,103.79,27.4
161,HB-sid07,233.87,24.97,189.96,26.51,144.48,26.88
162,HB-sid08,221.22,26.58,175.89,27.11,137.07,25.69
163,HB-sid11,200.57,36.32,151.79,32.32,111.99,28
164,HB-sid12,188.52,40.44,139.46,35.55,98.31,27.65
165,HB-sid16,201.85,29.67,148.67,25.21,103.69,18.91
166,HB-sid19,206.87,34.91,159.42,30.72,112.55,23.34
167,HB-sid20,199.86,31.85,158.5,28.46,120.13,24.19
168,HB-sid23,216.33,32.4,172.44,32.29,131.02,28.55
169,hb-sid36,203.87,29.38,154.9,23.99,113.42,18.31
170,JR-sid01-2,205.73,36.34,158.38,34.49,118.46,28.65
171,JR-sid02,179.44,37.6,130.28,31.37,97.77,23.02
172,JR-sid04,194.13,37.82,156.18,35.88,115.67,30.74
173,JR-sid05,215.19,36.21,170.44,36.82,131.01,33.1
174,JR-sid06,173.82,33.43,129.44,26.77,96.41,21.35
175,JR-sid07,188.17,29.92,130.6,25.9,93.78,18.37
176,JR-sid08,205,24.08,157.62,20.45,111.5,16.71
177,JR-sid09,209.25,26.61,162.06,21.69,118.99,16.94
178,JR-sid10,213.92,32.75,168.14,30.81,126.11,26.71
179,JR-sid11,222.98,25.92,174.64,25.51,125.63,24.89
180,JR-sid13,229.44,27.72,187.21,27.33,140,26.02
181,JR-sid15,209.23,37.73,166.75,36.21,126.18,32.13
182,jr-sid17,208.94,32.75,163.96,29.74,126.79,24.37
183,JR-sid19,214.41,27.45,160.19,25.03,105.04,20.76
184,jr-sid20,210.1,26.93,163.01,23.84,123.99,20.32
185,JR-sid22,195.37,33.92,146.1,29.16,103,20.6
186,JR-sid23,225.75,30.42,179.71,29.39,136.86,26.01
187,JR-sid24,190.27,36.32,143.34,30.55,103.67,22.81
188,JR-sid25,200.64,33.63,152.74,28.7,106,20.66
189,JR-sid26,208,27.9,163.97,24.68,131.96,22.19
190,JR-sid27,195.14,25.94,143.48,22.06,94.15,17.49
191,JR-sid28,203.67,40.75,151.88,35.15,111.24,26.82
192,JR-sid29,212.87,40.18,162.5,37.53,119.44,32.37
193,JR-sid30,232.1,33.56,186.83,35.96,148.23,35.08
194,JR-sid31,208.68,29.83,154.16,26.09,108.37,19.84
195,JR-sid32,201.52,37.21,148.02,33.53,115.57,26.71
196,JR-sid33,169.46,34.04,125.54,27.26,94.28,20.12
197,JR-sid34,200.31,40.23,158.33,37.43,115.32,29.17
198,JR-sid35,216.27,30.74,169.49,29.68,123.95,27.13
199,JR-sid36,205.68,28.28,155.16,24.52,108.03,20.28
200,JR-sid37,205.63,34.74,154.26,31.2,116.86,27.79
201,JR-sid38,209.52,28.78,155.43,26.61,124.15,25.16
202,rev-sid01-2,223.25,27.75,173.39,25.92,123.59,21.65
203,REV-sid02,202.05,31.95,153.76,28.82,111.56,23.08
204,REV-sid03,211.5,33.45,161.68,32.55,121.16,27.99
205,REV-sid04,226.77,29.09,179.63,28.68,128.97,24.66
206,REV-sid07,219.65,32.37,166.67,31.65,117.49,29.48
207,REV-sid08,218.99,35.59,172.56,34.83,128.96,30.82
208,REV-sid09,223.34,28.2,172.09,25.52,131.79,21.56
209,REV-sid10,213.06,32.77,174.78,31.31,133.13,28.42
210,REV-sid11,200.65,28.69,154.65,24.7,112.05,18.48
211,REV-sid12,215.02,28.82,162.23,26.59,119.28,23.02
212,REV-sid13,222.92,34.13,182.87,34.1,139.46,32.43
213,rev-sid14,207.69,31.69,155.85,29.23,117.12,25.51
214,REV-sid15,205.19,30.73,154.22,26.72,103.95,19.1
215,rev-sid16,213.46,31.16,161.67,28.25,107.69,20.78
216,REV-sid17,215.37,33.67,166.3,33.07,123.39,25.8
217,REV-sid18,214.43,27.95,165.24,27.54,124.53,26.79
218,REV-sid19,203.78,33.92,157.24,32.23,118.27,27.61
219,REV-sid20,208.83,27.32,160.01,26.37,115.12,23.79
220,REV-sid21,231.98,26.65,184.51,26.4,129.84,28.4
221,REV-sid22,208.53,30.67,156.51,27.23,103.11,20.24
222,rev-sid23,208.68,36.72,158.84,32.99,120.43,26.22
223,REV-sid24,218.11,30.16,171.58,27.54,126.31,23.65
224,REV-sid25,217.88,25.94,169.33,23.46,123.15,20.57
225,rev-sid26,235.97,26.69,193.52,25.72,155.08,26.15
226,REV-sid27,214.12,31.42,162.43,28.59,105.52,21.5
227,REV-sid28,200.86,31.65,156.61,28.73,116.1,24.31
228,REV-sid30,218.06,28.42,168.49,26.17,113.04,22.66
229,REV-sid32,205.04,27.76,152.82,23.13,99.69,19.33
230,REV-sid33,223.1,26.11,175.26,22.36,129.96,19.55
231,REV-sid34,214.68,24.59,166.24,21.83,121.48,19.13
232,REV-sid35,212.78,27.83,163.54,25.03,112.19,24.46
233,REV-sid36,221.01,33.32,174.93,33.36,122.83,28.77
234,sc-ssid01,171.98,32.7,127.75,27.56,94.64,20.8
235,sc-ssid02,192.31,30.73,143.31,25.41,104.53,18.42
236,sc-ssid03,178.08,34.59,128.91,26.32,89.34,16.76
237,sc-ssid05,174.25,35.36,133.91,28.62,102.92,21.61
238,sc-ssid06,226.17,31.62,179.39,31.66,134.78,28.67
239,sc-ssid07,165.69,24.79,116.07,18.42,87.59,14.41
240,sc-ssid08,190.35,38.33,144.68,32.58,108.13,24.03
241,sc-ssid09t11,243.69,23.55,198.03,24.66,144.7,28.53
242,sc-ssid09t2,203.96,36.51,157.74,32.6,115.64,27.78
243,sc-ssid10,194.16,28.78,139.53,22.24,97.18,17.13
244,sc-ssid11,191.03,29,145.51,23.46,111.85,17.94
245,sc-ssid12,182.71,37.41,133.4,29.11,93.83,18.99
246,sc-ssid13,181.73,29.2,131.52,24.6,95.24,20.79
247,sc-ssid14-2,211.5,34.06,165.61,29.5,133.71,24.24
248,sc-ssid15,179.76,26.96,124.87,19.63,84.23,13.65
249,sc-ssid16,183.65,30.62,129.32,23.48,94.68,17.78
250,sc-ssid17,168.58,30.92,126.24,23.65,93.82,16.97
251,sc-ssid18,183.97,30.25,138.05,24.07,105.29,16.91
252,sc-ssid19,187.85,36.24,141.05,31.44,105.37,22.91
253,sc-ssid20,173.86,29.06,130.71,24.62,98.2,20.58
254,sc-ssid21,193.13,24.95,143.81,20.44,108.58,15.63
255,sc-ssid22,175.67,25.59,129.13,19.79,86.19,14.8
256,sc-ssid23,183.31,28.97,136.18,23.94,94.1,16.99
257,sc-ssid24-2,175.34,29.76,127.9,23.24,89.69,16.91
258,sc-ssid25,204.98,25.28,154.12,21.26,106.34,17.54
259,sc-ssid26,194.34,27.68,136,21.04,85.72,15.07
260,sc-ssid27,192.59,40.63,147.24,34.84,106.55,25.7
261,sc-ssid28,181.65,34.18,135.74,27.07,102.88,19.73
262,sc-ssid29,170.52,29.07,122.74,22.38,88.11,18.02
263,sc-ssid30,210.8,28.84,155.19,24.35,120.86,19.82
264,URB-sid01,188.17,37.73,142.37,31.8,100.87,22.6
265,URB-sid02,216.68,34.14,177.66,32,137.58,27.88
266,URB-sid03,167.08,33.87,126.4,27.04,95.47,18.97
267,URB-sid04,163.39,29.85,121.69,24.1,88.41,18.28
268,URB-sid05,169.49,40.82,129.39,32.89,99.11,23.07
269,urb-sid06,180.26,33.41,136.86,26.94,108.29,20.24
270,URB-sid07,174.82,37.15,134.74,31.94,101.06,24.34
271,URB-sid08,198.78,38.41,149.41,32.46,98.84,23.32
272,URB-sid10,207.02,36.74,162.68,35.92,121.5,34.29
273,URB-sid11,190.69,42.89,146.64,37.65,105.54,28.2
274,URB-sid13,209.72,35.86,168.03,34.41,128.09,31.52
275,URB-sid14-2,186.56,40.05,143.11,33.74,100.54,22.62
276,urb-sid15,199.82,38.11,156.96,34.7,126.09,29.18
277,URB-sid16,206.8,34.9,160.35,30.61,123.88,26.55
278,urb-sid17-2,183.3,31.63,133.54,24.29,95.68,15.59
279,URB-sid18,188.83,30.85,138.53,25.54,103.07,19.88
280,URB-sid19,177.08,33.34,136.21,28.58,102.01,23.92
281,urb-sid20,213.23,33.31,169.22,30.14,125.34,22.73
282,URB-sid21,204.12,40.51,155.16,35.38,110.82,25.67
283,URB-sid22,207.89,40.54,166.82,39.19,121.02,32.18
284,URB-sid23,207.85,28.11,149.24,27.81,99.14,24.06
285,URB-sid24,174.28,36.16,131.69,28.98,101.4,20.39
286,URB-sid25,192,32.27,148.48,27.26,111.32,18.77
287,URB-sid26,180.92,32.13,132.28,25.65,88.41,20.61
288,URB-sid27,173.08,40.28,128.69,31.08,91.82,21.42
289,URB-sid28,193.87,34.82,145.22,29.33,103.73,20.86
290,URB-sid30,193.09,31.77,147.53,27.57,103.07,21.17
291,URB-sid31,201.9,38.36,154.73,34.73,106.39,24.13
292,URB-sid32,195.71,32.97,150.46,28.43,117.28,24.06
293,URB-sid33,217.77,38.23,172.82,38.45,132.6,38.17
294,URB-sid34,222.32,34.55,174.67,33.13,128.54,29.39
295,urb-sid35,170.53,32.22,132.63,26.01,107.9,20.07
296,URB-sid36,187.43,32.87,138.87,26.11,93.79,18.18
297,URB-sid38,204.74,41.82,160.69,36.73,118.97,28.18
298,URB-sid39,188.62,39.81,138.35,31.57,90.87,21.52
299,urb-sid40,183.29,41.42,143.22,34.79,105.78,26.07
